site,lake,species,length_mm,mass_g
146,E 01,slimy sculpin,53,1.25
146,E 01,slimy sculpin,61,1.9
146,E 01,slimy sculpin,53,1.75
146,E 01,slimy sculpin,77,4.25
146,E 01,slimy sculpin,45,0.9
146,E 01,slimy sculpin,48,0.9
146,E 01,slimy sculpin,51,1.05
146,E 01,slimy sculpin,57,1.15
146,E 01,slimy sculpin,51,1.15
146,E 01,slimy sculpin,56,1.3
146,E 01,slimy sculpin,51,1.4
146,E 01,slimy sculpin,57,1.65
146,E 01,slimy sculpin,58,1.7
146,E 01,slimy sculpin,48,0.9
146,E 01,slimy sculpin,51,1.05
146,E 01,slimy sculpin,52,1.2
146,E 01,slimy sculpin,56,1.5
146,E 01,slimy sculpin,45,0.65
146,E 01,slimy sculpin,52,1.2
146,E 01,slimy sculpin,51,1.25
146,E 01,slimy sculpin,75,4.05
146,E 01,slimy sculpin,53,1.25
146,E 01,slimy sculpin,45,0.9
146,E 01,slimy sculpin,77,4.25
146,E 01,slimy sculpin,36,0.55
146,E 01,slimy sculpin,45,0.75
146,E 01,slimy sculpin,72,2.8
146,E 01,slimy sculpin,77,2.85
146,E 01,slimy sculpin,64,2.05
146,E 01,slimy sculpin,85,4.7
146,E 01,slimy sculpin,74,3.8
146,E 01,slimy sculpin,58,2
146,E 01,slimy sculpin,88,4.7
146,E 01,slimy sculpin,47,0.95
146,E 01,slimy sculpin,64,2.6
146,E 01,slimy sculpin,75,2.9
146,E 01,slimy sculpin,63,2.15
146,E 01,slimy sculpin,65,2.45
146,E 01,slimy sculpin,43,0.6
146,E 01,slimy sculpin,63,1.8
146,E 01,slimy sculpin,67,2.5
146,E 01,slimy sculpin,82,4.35
146,E 01,slimy sculpin,65,2.55
146,E 01,slimy sculpin,64,2.85
146,E 01,slimy sculpin,70,3.2
146,E 01,slimy sculpin,57,1.6
146,E 01,slimy sculpin,59,1.95
146,E 01,slimy sculpin,91,7.55
146,E 01,slimy sculpin,56,1.4
146,E 01,slimy sculpin,51,1
146,E 01,slimy sculpin,46,0.75
146,E 01,slimy sculpin,65,2.75
146,E 01,slimy sculpin,35,0.3
146,E 01,slimy sculpin,78,2.75
146,E 01,slimy sculpin,47,0.65
146,E 01,slimy sculpin,43,0.8
146,E 01,slimy sculpin,71,3.1
146,E 01,slimy sculpin,45,0.8
146,E 01,slimy sculpin,85,6.05
146,E 01,slimy sculpin,47,1
146,E 01,slimy sculpin,37,0.35
146,E 01,slimy sculpin,68,2.25
146,E 01,slimy sculpin,40,0.6
146,E 01,slimy sculpin,41,0.6
146,E 01,slimy sculpin,42,0.7
146,E 01,slimy sculpin,43,0.75
146,E 01,slimy sculpin,93,6.65
146,E 01,slimy sculpin,54,1.4
146,E 01,slimy sculpin,100,11.3
146,E 01,slimy sculpin,68,2.1
146,E 01,slimy sculpin,84,5.16
146,E 01,slimy sculpin,56,1.6
146,E 01,slimy sculpin,47,0.88
146,E 01,slimy sculpin,64,2.86
146,E 01,slimy sculpin,36,0.38
146,E 01,slimy sculpin,27,0.15
146,E 01,slimy sculpin,46,0.82
146,E 01,slimy sculpin,41,0.57
146,E 01,slimy sculpin,46,0.82
145,E 05,slimy sculpin,55,1.2
145,E 05,slimy sculpin,56,1.14
145,E 05,slimy sculpin,46,0.78
145,E 05,slimy sculpin,42,0.62
145,E 05,slimy sculpin,38,0.42
145,E 05,slimy sculpin,37,0.39
145,E 05,slimy sculpin,35,0.3
145,E 05,slimy sculpin,36,0.41
145,E 05,slimy sculpin,56,1
145,E 05,slimy sculpin,57,1.64
145,E 05,slimy sculpin,46,1
145,E 05,slimy sculpin,72,1.82
145,E 05,slimy sculpin,38,0.45
145,E 05,slimy sculpin,46,1
108,NE 12,slimy sculpin,54,1.1
108,NE 12,slimy sculpin,48,0.75
108,NE 12,slimy sculpin,38,0.4
108,NE 12,slimy sculpin,43,0.65
108,NE 12,slimy sculpin,54,1.15
108,NE 12,slimy sculpin,45,0.75
108,NE 12,slimy sculpin,44,0.7
108,NE 12,slimy sculpin,46,0.85
108,NE 12,slimy sculpin,53,0.95
108,NE 12,slimy sculpin,53,1.15
108,NE 12,slimy sculpin,52,0.95
108,NE 12,slimy sculpin,51,1.05
108,NE 12,slimy sculpin,52,1.15
108,NE 12,slimy sculpin,44,0.75
108,NE 12,slimy sculpin,40,0.55
108,NE 12,slimy sculpin,56,1.25
108,NE 12,slimy sculpin,47,1
108,NE 12,slimy sculpin,34,0.35
108,NE 12,slimy sculpin,52,1.1
108,NE 12,slimy sculpin,56,0.9
108,NE 12,slimy sculpin,40,0.45
108,NE 12,slimy sculpin,27,0.2
108,NE 12,slimy sculpin,41,0.65
108,NE 12,slimy sculpin,31,0.3
108,NE 12,slimy sculpin,50,1.15
108,NE 12,slimy sculpin,44,0.6
108,NE 12,slimy sculpin,41,0.6
108,NE 12,slimy sculpin,46,0.85
108,NE 12,slimy sculpin,47,0.65
108,NE 12,slimy sculpin,46,0.75
108,NE 12,slimy sculpin,48,0.75
108,NE 12,slimy sculpin,32,0.25
108,NE 12,slimy sculpin,48,0.85
108,NE 12,slimy sculpin,35,0.35
108,NE 12,slimy sculpin,33,0.3
108,NE 12,slimy sculpin,30,0.2
108,NE 12,slimy sculpin,48,0.75
108,NE 12,slimy sculpin,34,0.3
108,NE 12,slimy sculpin,65,2.25
108,NE 12,slimy sculpin,62,1.75
108,NE 12,slimy sculpin,50,1
108,NE 12,slimy sculpin,64,2.15
108,NE 12,slimy sculpin,50,1
108,NE 12,slimy sculpin,64,2.3
108,NE 12,slimy sculpin,46,0.85
108,NE 12,slimy sculpin,50,1
108,NE 12,slimy sculpin,61,1.85
108,NE 12,slimy sculpin,50,1.05
108,NE 12,slimy sculpin,58,1.45
108,NE 12,slimy sculpin,63,1.75
108,NE 12,slimy sculpin,60,1.75
108,NE 12,slimy sculpin,70,2.45
108,NE 12,slimy sculpin,80,3.55
108,NE 12,slimy sculpin,43,0.6
108,NE 12,slimy sculpin,60,1.55
108,NE 12,slimy sculpin,52,1.05
108,NE 12,slimy sculpin,52,1
108,NE 12,slimy sculpin,35,0.25
108,NE 12,slimy sculpin,58,1.8
108,NE 12,slimy sculpin,38,0.5
108,NE 12,slimy sculpin,83,4.8
108,NE 12,slimy sculpin,61,1.55
108,NE 12,slimy sculpin,73,2.05
108,NE 12,slimy sculpin,38,0.4
108,NE 12,slimy sculpin,40,0.5
108,NE 12,slimy sculpin,54,1.45
108,NE 12,slimy sculpin,61,1.4
108,NE 12,slimy sculpin,48,0.95
108,NE 12,slimy sculpin,36,0.45
108,NE 12,slimy sculpin,63,2.9
108,NE 12,slimy sculpin,59,1.35
108,NE 12,slimy sculpin,70,2.65
108,NE 12,slimy sculpin,40,0.5
108,NE 12,slimy sculpin,36,0.35
108,NE 12,slimy sculpin,48,0.8
108,NE 12,slimy sculpin,44,0.5
108,NE 12,slimy sculpin,49,0.8
108,NE 12,slimy sculpin,28,0.15
108,NE 12,slimy sculpin,45,0.6
108,NE 12,slimy sculpin,46,0.65
108,NE 12,slimy sculpin,48,0.85
108,NE 12,slimy sculpin,56,1.3
108,NE 12,slimy sculpin,30,0.2
108,NE 12,slimy sculpin,56,1.3
108,NE 12,slimy sculpin,56,1.65
108,NE 12,slimy sculpin,46,0.8
108,NE 12,slimy sculpin,33,0.25
108,NE 12,slimy sculpin,27,0.15
108,NE 12,slimy sculpin,59,1.35
108,NE 12,slimy sculpin,45,0.75
108,NE 12,slimy sculpin,39,0.4
108,NE 12,slimy sculpin,49,0.85
108,NE 12,slimy sculpin,42,0.5
108,NE 12,slimy sculpin,51,1.05
108,NE 12,slimy sculpin,52,0.85
108,NE 12,slimy sculpin,39,0.4
108,NE 12,slimy sculpin,38,0.4
108,NE 12,slimy sculpin,58,1.3
108,NE 12,slimy sculpin,43,0.55
108,NE 12,slimy sculpin,39,0.4
108,NE 12,slimy sculpin,34,0.2
108,NE 12,slimy sculpin,40,0.4
108,NE 12,slimy sculpin,42,0.5
108,NE 12,slimy sculpin,46,0.6
108,NE 12,slimy sculpin,45,0.7
108,NE 12,slimy sculpin,46,0.6
108,NE 12,slimy sculpin,51,0.8
108,NE 12,slimy sculpin,32,0.2
108,NE 12,slimy sculpin,47,0.7
108,NE 12,slimy sculpin,47,0.75
108,NE 12,slimy sculpin,54,1
108,NE 12,slimy sculpin,64,2
108,NE 12,slimy sculpin,41,0.55
108,NE 12,slimy sculpin,50,0.85
108,NE 12,slimy sculpin,59,1.45
108,NE 12,slimy sculpin,49,0.85
108,NE 12,slimy sculpin,43,0.55
108,NE 12,slimy sculpin,45,0.8
108,NE 12,slimy sculpin,54,1.15
108,NE 12,slimy sculpin,51,1
108,NE 12,slimy sculpin,55,1.15
108,NE 12,slimy sculpin,62,1.9
108,NE 12,slimy sculpin,55,1
108,NE 12,slimy sculpin,37,0.35
108,NE 12,slimy sculpin,61,1.5
108,NE 12,slimy sculpin,32,0.2
108,NE 12,slimy sculpin,31,0.15
108,NE 12,slimy sculpin,42,0.55
108,NE 12,slimy sculpin,43,0.6
108,NE 12,slimy sculpin,43,0.5
108,NE 12,slimy sculpin,54,1.15
108,NE 12,slimy sculpin,59,1.6
108,NE 12,slimy sculpin,50,0.85
108,NE 12,slimy sculpin,52,0.95
108,NE 12,slimy sculpin,62,1.6
108,NE 12,slimy sculpin,33,0.25
108,NE 12,slimy sculpin,32,0.25
108,NE 12,slimy sculpin,59,1.2
108,NE 12,slimy sculpin,59,1.5
108,NE 12,slimy sculpin,29,0.15
108,NE 12,slimy sculpin,50,0.8
108,NE 12,slimy sculpin,38,0.35
108,NE 12,slimy sculpin,56,1.3
108,NE 12,slimy sculpin,43,0.5
108,NE 12,slimy sculpin,42,0.5
108,NE 12,slimy sculpin,45,0.7
108,NE 12,slimy sculpin,60,1.4
108,NE 12,slimy sculpin,60,1.8
108,NE 12,slimy sculpin,59,1.45
108,NE 12,slimy sculpin,55,1.1
108,NE 12,slimy sculpin,63,1.3
108,NE 12,slimy sculpin,55,1.05
108,NE 12,slimy sculpin,49,0.7
108,NE 12,slimy sculpin,46,0.75
108,NE 12,slimy sculpin,58,1.4
108,NE 12,slimy sculpin,44,0.8
108,NE 12,slimy sculpin,53,1.55
108,NE 12,slimy sculpin,59,1.75
108,NE 12,slimy sculpin,60,1.95
108,NE 12,slimy sculpin,52,1.05
108,NE 12,slimy sculpin,64,2.3
108,NE 12,slimy sculpin,45,0.65
108,NE 12,slimy sculpin,65,1.9
108,NE 12,slimy sculpin,57,1.3
108,NE 12,slimy sculpin,64,2.45
108,NE 12,slimy sculpin,66,2.35
108,NE 12,slimy sculpin,49,0.8
108,NE 12,slimy sculpin,56,1.3
108,NE 12,slimy sculpin,44,0.55
108,NE 12,slimy sculpin,62,1.67
108,NE 12,slimy sculpin,53,1.08
108,NE 12,slimy sculpin,63,1.95
108,NE 12,slimy sculpin,67,2.65
108,NE 12,slimy sculpin,47,1.03
108,NE 12,slimy sculpin,30,0.22
108,NE 12,slimy sculpin,35,0.36
108,NE 12,slimy sculpin,35,0.38
108,NE 12,slimy sculpin,36,0.41
108,NE 12,slimy sculpin,58,1.86
108,NE 12,slimy sculpin,194,46
109,NE 14,slimy sculpin,47,0.7
109,NE 14,slimy sculpin,49,0.9
109,NE 14,slimy sculpin,46,0.7
109,NE 14,slimy sculpin,28,0.15
109,NE 14,slimy sculpin,45,0.65
109,NE 14,slimy sculpin,40,0.3
109,NE 14,slimy sculpin,42,0.45
109,NE 14,slimy sculpin,54,1.05
109,NE 14,slimy sculpin,48,0.65
109,NE 14,slimy sculpin,54,0.95
109,NE 14,slimy sculpin,60,1.45
109,NE 14,slimy sculpin,60,1.4
109,NE 14,slimy sculpin,47,0.7
109,NE 14,slimy sculpin,50,0.85
109,NE 14,slimy sculpin,40,0.45
109,NE 14,slimy sculpin,25,0.1
109,NE 14,slimy sculpin,25,0.15
109,NE 14,slimy sculpin,26,0.2
109,NE 14,slimy sculpin,54,1.3
109,NE 14,slimy sculpin,67,2.3
109,NE 14,slimy sculpin,57,2
109,NE 14,slimy sculpin,50,0.95
109,NE 14,slimy sculpin,46,1.05
109,NE 14,slimy sculpin,38,0.45
109,NE 14,slimy sculpin,52,1.15
109,NE 14,slimy sculpin,54,1.25
109,NE 14,slimy sculpin,44,0.65
109,NE 14,slimy sculpin,57,1.05
109,NE 14,slimy sculpin,54,1.15
109,NE 14,slimy sculpin,36,0.35
109,NE 14,slimy sculpin,58,1.3
109,NE 14,slimy sculpin,60,1.45
109,NE 14,slimy sculpin,48,0.85
109,NE 14,slimy sculpin,43,0.7
109,NE 14,slimy sculpin,55,1.4
109,NE 14,slimy sculpin,56,1.6
109,NE 14,slimy sculpin,34,0.35
107,S 06,slimy sculpin,52,0.9
107,S 06,slimy sculpin,53,1.15
107,S 06,slimy sculpin,58,1.5
107,S 06,slimy sculpin,57,1.25
107,S 06,slimy sculpin,56,1.35
107,S 06,slimy sculpin,62,1.95
107,S 06,slimy sculpin,65,2.3
107,S 06,slimy sculpin,49,0.9
107,S 06,slimy sculpin,38,0.4
107,S 06,slimy sculpin,33,0.3
107,S 06,slimy sculpin,53,1.05
107,S 06,slimy sculpin,34,0.3
107,S 06,slimy sculpin,50,0.85
107,S 06,slimy sculpin,44,0.55
107,S 06,slimy sculpin,47,0.8
107,S 06,slimy sculpin,52,1.1
107,S 06,slimy sculpin,51,1
107,S 06,slimy sculpin,54,1
107,S 06,slimy sculpin,67,2.65
107,S 06,slimy sculpin,53,1.05
107,S 06,slimy sculpin,49,0.85
107,S 06,slimy sculpin,59,1.6
107,S 06,slimy sculpin,62,1.8
107,S 06,slimy sculpin,40,0.35
107,S 06,slimy sculpin,33,0.4
107,S 06,slimy sculpin,33,0.4
107,S 06,slimy sculpin,54,1.55
107,S 06,slimy sculpin,50,0.95
107,S 06,slimy sculpin,52,0.95
107,S 06,slimy sculpin,49,0.95
107,S 06,slimy sculpin,52,1.1
107,S 06,slimy sculpin,61,1.85
107,S 06,slimy sculpin,50,1.05
107,S 06,slimy sculpin,40,1.05
107,S 06,slimy sculpin,54,1.05
107,S 06,slimy sculpin,60,1.9
107,S 06,slimy sculpin,68,2.8
107,S 06,slimy sculpin,63,2.05
107,S 06,slimy sculpin,60,1.65
107,S 06,slimy sculpin,73,2.7
107,S 06,slimy sculpin,57,1.45
107,S 06,slimy sculpin,47,0.8
107,S 06,slimy sculpin,57,1.3
107,S 06,slimy sculpin,37,0.3
107,S 06,slimy sculpin,68,2.7
107,S 06,slimy sculpin,40,0.4
107,S 06,slimy sculpin,57,1.35
107,S 06,slimy sculpin,59,1.25
107,S 06,slimy sculpin,54,1.25
107,S 06,slimy sculpin,60,1.55
107,S 06,slimy sculpin,45,0.65
107,S 06,slimy sculpin,63,1.55
107,S 06,slimy sculpin,56,1.2
107,S 06,slimy sculpin,62,1.75
107,S 06,slimy sculpin,39,0.4
107,S 06,slimy sculpin,43,0.6
107,S 06,slimy sculpin,52,0.9
107,S 06,slimy sculpin,60,1.35
107,S 06,slimy sculpin,46,0.65
107,S 06,slimy sculpin,52,1.1
107,S 06,slimy sculpin,38,0.3
107,S 06,slimy sculpin,40,0.45
107,S 06,slimy sculpin,38,0.45
107,S 06,slimy sculpin,44,0.6
107,S 06,slimy sculpin,38,0.35
107,S 06,slimy sculpin,52,1.1
107,S 06,slimy sculpin,61,1.75
107,S 06,slimy sculpin,54,1.3
107,S 06,slimy sculpin,53,1.45
107,S 06,slimy sculpin,55,1.35
107,S 06,slimy sculpin,71,2.25
107,S 06,slimy sculpin,60,1.7
107,S 06,slimy sculpin,51,1.1
107,S 06,slimy sculpin,43,0.55
107,S 06,slimy sculpin,57,1.2
107,S 06,slimy sculpin,43,0.6
107,S 06,slimy sculpin,44,0.65
107,S 06,slimy sculpin,51,1.15
107,S 06,slimy sculpin,63,1.8
107,S 06,slimy sculpin,42,0.55
107,S 06,slimy sculpin,49,0.85
107,S 06,slimy sculpin,58,1.45
107,S 06,slimy sculpin,66,2.4
107,S 06,slimy sculpin,68,2.25
107,S 06,slimy sculpin,47,0.7
107,S 06,slimy sculpin,46,0.65
107,S 06,slimy sculpin,54,1.05
107,S 06,slimy sculpin,55,1.15
107,S 06,slimy sculpin,57,1.3
107,S 06,slimy sculpin,62,1.7
107,S 06,slimy sculpin,68,3
107,S 06,slimy sculpin,57,1.15
107,S 06,slimy sculpin,43,0.55
107,S 06,slimy sculpin,58,1.25
107,S 06,slimy sculpin,62,2.15
107,S 06,slimy sculpin,58,1.35
107,S 06,slimy sculpin,44,0.65
107,S 06,slimy sculpin,52,1.15
107,S 06,slimy sculpin,53,1.45
107,S 06,slimy sculpin,62,1.85
107,S 06,slimy sculpin,61,1.85
107,S 06,slimy sculpin,75,3.65
107,S 06,slimy sculpin,62,2.05
107,S 06,slimy sculpin,74,3.1
107,S 06,slimy sculpin,58,1.55
107,S 06,slimy sculpin,70,2.6
107,S 06,slimy sculpin,64,1.9
107,S 06,slimy sculpin,42,0.5
107,S 06,slimy sculpin,64,2.45
107,S 06,slimy sculpin,82,6.4
107,S 06,slimy sculpin,75,4.8
107,S 06,slimy sculpin,72,3.7
107,S 06,slimy sculpin,60,2.35
107,S 06,slimy sculpin,72,3.1
107,S 06,slimy sculpin,59,1.3
107,S 06,slimy sculpin,54,1
107,S 06,slimy sculpin,59,1.45
107,S 06,slimy sculpin,33,0.35
107,S 06,slimy sculpin,70,2.9
107,S 06,slimy sculpin,54,1.35
107,S 06,slimy sculpin,33,0.3
107,S 06,slimy sculpin,36,0.45
107,S 06,slimy sculpin,59,1.8
107,S 06,slimy sculpin,60,1.75
107,S 06,slimy sculpin,37,0.45
107,S 06,slimy sculpin,66,3.4
107,S 06,slimy sculpin,68,3.1
107,S 06,slimy sculpin,38,0.5
107,S 06,slimy sculpin,41,0.6
107,S 06,slimy sculpin,75,3.55
107,S 06,slimy sculpin,35,0.4
107,S 06,slimy sculpin,61,1.85
152,S 07,slimy sculpin,35,0.3
152,S 07,slimy sculpin,41,0.5
152,S 07,slimy sculpin,68,2.1
152,S 07,slimy sculpin,49,0.65
152,S 07,slimy sculpin,41,0.45
152,S 07,slimy sculpin,40,0.5
152,S 07,slimy sculpin,42,0.5
152,S 07,slimy sculpin,53,0.95
152,S 07,slimy sculpin,63,2
152,S 07,slimy sculpin,78,4.1
152,S 07,slimy sculpin,65,2.3
152,S 07,slimy sculpin,74,3.8
152,S 07,slimy sculpin,60,2.05
152,S 07,slimy sculpin,58,1.5
152,S 07,slimy sculpin,54,1.2
152,S 07,slimy sculpin,60,1.6
152,S 07,slimy sculpin,57,1.25
152,S 07,slimy sculpin,55,1.15
152,S 07,slimy sculpin,38,0.4
152,S 07,slimy sculpin,42,0.6
152,S 07,slimy sculpin,61,1.65
152,S 07,slimy sculpin,58,1.45
152,S 07,slimy sculpin,58,1.65
152,S 07,slimy sculpin,54,1.05
152,S 07,slimy sculpin,59,1.4
152,S 07,slimy sculpin,68,2.75
152,S 07,slimy sculpin,67,2.65
152,S 07,slimy sculpin,42,0.5
152,S 07,slimy sculpin,63,1.95
152,S 07,slimy sculpin,38,0.4
152,S 07,slimy sculpin,41,0.55
152,S 07,slimy sculpin,53,1.05
152,S 07,slimy sculpin,58,1.25
152,S 07,slimy sculpin,65,1.85
152,S 07,slimy sculpin,56,1.2
152,S 07,slimy sculpin,68,2.6
152,S 07,slimy sculpin,57,1.45
152,S 07,slimy sculpin,32,0.25
152,S 07,slimy sculpin,37,0.35
152,S 07,slimy sculpin,57,1.5
152,S 07,slimy sculpin,45,0.85
152,S 07,slimy sculpin,38,0.35
152,S 07,slimy sculpin,41,0.65
152,S 07,slimy sculpin,52,1.2
152,S 07,slimy sculpin,78,3.55
152,S 07,slimy sculpin,76,4.25
152,S 07,slimy sculpin,59,2.05
152,S 07,slimy sculpin,46,0.85
152,S 07,slimy sculpin,65,2.4
152,S 07,slimy sculpin,60,2.1
152,S 07,slimy sculpin,57,1.75
152,S 07,slimy sculpin,46,0.9
152,S 07,slimy sculpin,44,0.75
152,S 07,slimy sculpin,45,0.8
152,S 07,slimy sculpin,62,1.95
152,S 07,slimy sculpin,59,2
152,S 07,slimy sculpin,73,4.05
152,S 07,slimy sculpin,70,3
152,S 07,slimy sculpin,49,0.95
152,S 07,slimy sculpin,58,1.6
152,S 07,slimy sculpin,66,2.85
152,S 07,slimy sculpin,80,3.1
152,S 07,slimy sculpin,45,0.8
152,S 07,slimy sculpin,44,0.85
152,S 07,slimy sculpin,45,0.8
152,S 07,slimy sculpin,49,1.1
152,S 07,slimy sculpin,79,3.85
152,S 07,slimy sculpin,60,1.7
152,S 07,slimy sculpin,64,2.65
152,S 07,slimy sculpin,50,1.55
152,S 07,slimy sculpin,87,7.37
152,S 07,slimy sculpin,68,2.86
152,S 07,slimy sculpin,31,0.36
100,Toolik,slimy sculpin,12.5,0.0152
100,Toolik,slimy sculpin,13,0.0104
100,Toolik,slimy sculpin,74,2.3
100,Toolik,slimy sculpin,42,0.5
100,Toolik,slimy sculpin,39,0.4
100,Toolik,slimy sculpin,71,3
100,Toolik,slimy sculpin,71,2.6
100,Toolik,slimy sculpin,65,1.9
100,Toolik,slimy sculpin,52,0.85
100,Toolik,slimy sculpin,44,0.55
100,Toolik,slimy sculpin,13,0.005
100,Toolik,slimy sculpin,61,2.05
100,Toolik,slimy sculpin,49,0.9
100,Toolik,slimy sculpin,57,0.8
100,Toolik,slimy sculpin,33,0.2
100,Toolik,slimy sculpin,31,0.2
100,Toolik,slimy sculpin,44,0.55
100,Toolik,slimy sculpin,11,0.0037
100,Toolik,slimy sculpin,61,1.3
100,Toolik,slimy sculpin,51,1
100,Toolik,slimy sculpin,62,1.6
100,Toolik,slimy sculpin,53,1.15
100,Toolik,slimy sculpin,53,1
100,Toolik,slimy sculpin,61,1.3
100,Toolik,slimy sculpin,66,2
100,Toolik,slimy sculpin,34,0.25
100,Toolik,slimy sculpin,68,1.9
100,Toolik,slimy sculpin,58,1.2
100,Toolik,slimy sculpin,54,0.75
100,Toolik,slimy sculpin,55,0.95
100,Toolik,slimy sculpin,67,2.3
100,Toolik,slimy sculpin,35,0.3
100,Toolik,slimy sculpin,42,0.4
100,Toolik,slimy sculpin,52,0.95
100,Toolik,slimy sculpin,67,2.4
100,Toolik,slimy sculpin,69,2.6
100,Toolik,slimy sculpin,56,1.45
100,Toolik,slimy sculpin,55,1.4
100,Toolik,slimy sculpin,61,1.75
100,Toolik,slimy sculpin,59,1.3
100,Toolik,slimy sculpin,67,2.3
100,Toolik,slimy sculpin,54,1.03
100,Toolik,slimy sculpin,65,1.33
100,Toolik,slimy sculpin,50,1.05
100,Toolik,slimy sculpin,48,1
100,Toolik,slimy sculpin,60,1.85
100,Toolik,slimy sculpin,55,1.35
100,Toolik,slimy sculpin,39,0.6
100,Toolik,slimy sculpin,49,0.95
100,Toolik,slimy sculpin,70,3.05
100,Toolik,slimy sculpin,50,1.25
100,Toolik,slimy sculpin,74,3.7
100,Toolik,slimy sculpin,61,2
100,Toolik,slimy sculpin,44,0.65
100,Toolik,slimy sculpin,58,1.6
100,Toolik,slimy sculpin,54,1.6
100,Toolik,slimy sculpin,43,0.8
100,Toolik,slimy sculpin,24,0.15
100,Toolik,slimy sculpin,20,0.15
100,Toolik,slimy sculpin,44,0.85
100,Toolik,slimy sculpin,29,0.2
100,Toolik,slimy sculpin,48,0.8
100,Toolik,slimy sculpin,50,0.9
100,Toolik,slimy sculpin,37,0.4
100,Toolik,slimy sculpin,45,0.7
100,Toolik,slimy sculpin,50,0.95
100,Toolik,slimy sculpin,62,1.95
100,Toolik,slimy sculpin,38,0.35
100,Toolik,slimy sculpin,40,0.4
100,Toolik,slimy sculpin,40,0.45
100,Toolik,slimy sculpin,40,0.35
100,Toolik,slimy sculpin,43,0.55
100,Toolik,slimy sculpin,45,0.55
100,Toolik,slimy sculpin,45,0.7
100,Toolik,slimy sculpin,46,0.65
100,Toolik,slimy sculpin,51,1.15
100,Toolik,slimy sculpin,55,1.3
100,Toolik,slimy sculpin,58,1.7
100,Toolik,slimy sculpin,59,1.5
100,Toolik,slimy sculpin,59,1.7
100,Toolik,slimy sculpin,60,1.75
100,Toolik,slimy sculpin,60,1.7
100,Toolik,slimy sculpin,62,1.85
100,Toolik,slimy sculpin,67,2.5
100,Toolik,slimy sculpin,71,2.55
100,Toolik,slimy sculpin,40,0.5
100,Toolik,slimy sculpin,42,0.45
100,Toolik,slimy sculpin,43,0.6
100,Toolik,slimy sculpin,46,0.6
100,Toolik,slimy sculpin,47,0.6
100,Toolik,slimy sculpin,47,0.65
100,Toolik,slimy sculpin,48,0.7
100,Toolik,slimy sculpin,49,0.8
100,Toolik,slimy sculpin,50,0.9
100,Toolik,slimy sculpin,51,0.95
100,Toolik,slimy sculpin,51,1
100,Toolik,slimy sculpin,54,1.1
100,Toolik,slimy sculpin,54,1.4
100,Toolik,slimy sculpin,59,1.55
100,Toolik,slimy sculpin,61,1.75
100,Toolik,slimy sculpin,64,1.85
100,Toolik,slimy sculpin,72,3.25
100,Toolik,slimy sculpin,28,0.3
100,Toolik,slimy sculpin,41,0.55
100,Toolik,slimy sculpin,41,0.55
100,Toolik,slimy sculpin,42,0.75
100,Toolik,slimy sculpin,43,0.55
100,Toolik,slimy sculpin,50,1.05
100,Toolik,slimy sculpin,52,1.5
100,Toolik,slimy sculpin,52,1.2
100,Toolik,slimy sculpin,60,1.7
100,Toolik,slimy sculpin,63,1.85
100,Toolik,slimy sculpin,64,1.8
100,Toolik,slimy sculpin,65,2.05
100,Toolik,slimy sculpin,71,2.7
100,Toolik,slimy sculpin,39,0.45
100,Toolik,slimy sculpin,41,0.45
100,Toolik,slimy sculpin,43,0.65
100,Toolik,slimy sculpin,46,0.8
100,Toolik,slimy sculpin,46,0.65
100,Toolik,slimy sculpin,50,1.15
100,Toolik,slimy sculpin,50,1.45
100,Toolik,slimy sculpin,52,1.1
100,Toolik,slimy sculpin,56,1.55
100,Toolik,slimy sculpin,57,1.55
100,Toolik,slimy sculpin,57,1.35
100,Toolik,slimy sculpin,64,2.2
100,Toolik,slimy sculpin,36,0.45
100,Toolik,slimy sculpin,42,0.65
100,Toolik,slimy sculpin,44,0.75
100,Toolik,slimy sculpin,51,1.3
100,Toolik,slimy sculpin,52,1.2
100,Toolik,slimy sculpin,52,1.15
100,Toolik,slimy sculpin,55,1.3
100,Toolik,slimy sculpin,55,1.55
100,Toolik,slimy sculpin,63,2.2
100,Toolik,slimy sculpin,40,0.6
100,Toolik,slimy sculpin,40,0.5
100,Toolik,slimy sculpin,46,0.75
100,Toolik,slimy sculpin,51,1.4
100,Toolik,slimy sculpin,53,1.4
100,Toolik,slimy sculpin,56,1.5
100,Toolik,slimy sculpin,59,1.55
100,Toolik,slimy sculpin,66,2.55
100,Toolik,slimy sculpin,66,1.85
100,Toolik,slimy sculpin,66,2.75
100,Toolik,slimy sculpin,72,2.9
100,Toolik,slimy sculpin,31,0.3
100,Toolik,slimy sculpin,34,0.45
100,Toolik,slimy sculpin,42,0.8
100,Toolik,slimy sculpin,45,0.75
100,Toolik,slimy sculpin,47,0.9
100,Toolik,slimy sculpin,47,1.05
100,Toolik,slimy sculpin,49,1
100,Toolik,slimy sculpin,50,0.9
100,Toolik,slimy sculpin,54,1.65
100,Toolik,slimy sculpin,55,1.55
100,Toolik,slimy sculpin,56,1.45
100,Toolik,slimy sculpin,56,1.55
100,Toolik,slimy sculpin,57,1.65
100,Toolik,slimy sculpin,57,1.5
100,Toolik,slimy sculpin,62,2.25
100,Toolik,slimy sculpin,65,2
100,Toolik,slimy sculpin,66,2.35
100,Toolik,slimy sculpin,67,2.54
100,Toolik,slimy sculpin,44,0.65
100,Toolik,slimy sculpin,45,0.75
100,Toolik,slimy sculpin,47,0.8
100,Toolik,slimy sculpin,47,0.8
100,Toolik,slimy sculpin,51,0.75
100,Toolik,slimy sculpin,65,2.55
100,Toolik,slimy sculpin,72,3.25
100,Toolik,slimy sculpin,36,0.5
100,Toolik,slimy sculpin,42,0.9
100,Toolik,slimy sculpin,43,0.85
100,Toolik,slimy sculpin,44,0.75
100,Toolik,slimy sculpin,45,0.8
100,Toolik,slimy sculpin,45,0.85
100,Toolik,slimy sculpin,51,1.3
100,Toolik,slimy sculpin,51,1.3
100,Toolik,slimy sculpin,56,1.45
100,Toolik,slimy sculpin,77,4.25
100,Toolik,slimy sculpin,37.5,0.6
100,Toolik,slimy sculpin,46,0.95
100,Toolik,slimy sculpin,47,0.75
100,Toolik,slimy sculpin,57,1.65
100,Toolik,slimy sculpin,67,2.95
100,Toolik,slimy sculpin,77,3.6
100,Toolik,slimy sculpin,34.5,0.35
100,Toolik,slimy sculpin,47,0.95
100,Toolik,slimy sculpin,56,1.6
100,Toolik,slimy sculpin,56.5,1.8
100,Toolik,slimy sculpin,59.5,1.9
100,Toolik,slimy sculpin,60,1.8
100,Toolik,slimy sculpin,61,2.2
100,Toolik,slimy sculpin,70.5,3.15
100,Toolik,slimy sculpin,39,0.5
100,Toolik,slimy sculpin,46,1.1
100,Toolik,slimy sculpin,57,1.65
100,Toolik,slimy sculpin,62,2.25
100,Toolik,slimy sculpin,59.5,1.7
100,Toolik,slimy sculpin,39,0.4
100,Toolik,slimy sculpin,54,0.75
100,Toolik,slimy sculpin,54,1
100,Toolik,slimy sculpin,52,1.1
100,Toolik,slimy sculpin,63,1.85
100,Toolik,slimy sculpin,59,1.78
100,Toolik,slimy sculpin,64,2.1
145,E 05,slimy sculpin,NA,0.9
145,E 05,slimy sculpin,NA,0.8
145,E 05,slimy sculpin,NA,0.18
145,E 05,slimy sculpin,NA,0.17
145,E 05,slimy sculpin,NA,0.18
145,E 05,slimy sculpin,NA,0.14
145,E 05,slimy sculpin,NA,0.11
145,E 05,slimy sculpin,NA,2
145,E 05,slimy sculpin,NA,2.4717
145,E 05,slimy sculpin,NA,1.2734
145,E 05,slimy sculpin,NA,1.5511
145,E 05,slimy sculpin,NA,1.698
145,E 05,slimy sculpin,NA,1.6945
145,E 05,slimy sculpin,NA,0.1504
145,E 05,slimy sculpin,NA,0.1881
145,E 05,slimy sculpin,NA,0.1595
145,E 05,slimy sculpin,NA,0.1011
145,E 05,slimy sculpin,NA,0.1941
145,E 05,slimy sculpin,NA,1.0584
145,E 05,slimy sculpin,NA,0.8854
145,E 05,slimy sculpin,NA,1.3657
145,E 05,slimy sculpin,NA,0.5343
145,E 05,slimy sculpin,NA,0.1347
145,E 05,slimy sculpin,NA,0.6097
145,E 05,slimy sculpin,NA,0.5914
145,E 05,slimy sculpin,NA,0.1604
145,E 05,slimy sculpin,NA,1.2048
145,E 05,slimy sculpin,NA,0.1313
145,E 05,slimy sculpin,NA,0.498
145,E 05,slimy sculpin,NA,0.1606
145,E 05,slimy sculpin,NA,0.1749
145,E 05,slimy sculpin,NA,0.5897
145,E 05,slimy sculpin,NA,0.5671
145,E 05,slimy sculpin,NA,0.9449
145,E 05,slimy sculpin,NA,0.4364
145,E 05,slimy sculpin,NA,0.4754
145,E 05,slimy sculpin,NA,1.0376
145,E 05,slimy sculpin,NA,0.5891
145,E 05,slimy sculpin,NA,0.6988
145,E 05,slimy sculpin,NA,1.4974
145,E 05,slimy sculpin,NA,0.8044
145,E 05,slimy sculpin,NA,1.5761
141,E 01,slimy sculpin,NA,4.92
141,E 01,slimy sculpin,NA,1.8
141,E 01,slimy sculpin,NA,3.26
141,E 01,slimy sculpin,NA,0.82
141,E 01,slimy sculpin,NA,1.63
141,E 01,slimy sculpin,NA,0.94
141,E 01,slimy sculpin,NA,1.79
141,E 01,slimy sculpin,NA,1.4
141,E 01,slimy sculpin,NA,3.43
141,E 01,slimy sculpin,NA,0.71
141,E 01,slimy sculpin,NA,1.91
141,E 01,slimy sculpin,NA,4.64
141,E 01,slimy sculpin,NA,1.34
141,E 01,slimy sculpin,NA,4.49
141,E 01,slimy sculpin,NA,2.47
141,E 01,slimy sculpin,NA,2.78
NA,Toolik,slimy sculpin,NA,0.26
NA,Toolik,slimy sculpin,NA,1.52
NA,Toolik,slimy sculpin,NA,1.54
NA,Toolik,slimy sculpin,NA,1.39
NA,Toolik,slimy sculpin,NA,1.69
NA,Toolik,slimy sculpin,NA,3.11
NA,Toolik,slimy sculpin,NA,1.66
NA,Toolik,slimy sculpin,NA,1.23
NA,Toolik,slimy sculpin,NA,2.27
NA,Toolik,slimy sculpin,NA,1.18
NA,Toolik,slimy sculpin,NA,0.77
141,E 01,slimy sculpin,NA,1.62
141,E 01,slimy sculpin,NA,10.5
141,E 01,slimy sculpin,NA,14.37
141,E 01,slimy sculpin,NA,4.31
141,E 01,slimy sculpin,NA,4.18
141,E 01,slimy sculpin,NA,2.59
141,E 01,slimy sculpin,NA,2.91
141,E 01,slimy sculpin,NA,5.52
141,E 01,slimy sculpin,NA,3.15
141,E 01,slimy sculpin,NA,1.4
141,E 01,slimy sculpin,NA,2.37
141,E 01,slimy sculpin,NA,1.34
141,E 01,slimy sculpin,NA,1.47
141,E 01,slimy sculpin,NA,2.23
141,E 01,slimy sculpin,NA,0.98
141,E 01,slimy sculpin,NA,1.86
141,E 01,slimy sculpin,NA,1.23
141,E 01,slimy sculpin,NA,2.09
141,E 01,slimy sculpin,NA,1.31
141,E 01,slimy sculpin,NA,0.89
141,E 01,slimy sculpin,NA,0.88
141,E 01,slimy sculpin,NA,1.12
141,E 01,slimy sculpin,NA,1.59
NA,Toolik,slimy sculpin,NA,0.63
NA,Toolik,slimy sculpin,NA,1.51
NA,Toolik,slimy sculpin,NA,0.12
NA,Toolik,slimy sculpin,NA,1.61
NA,Toolik,slimy sculpin,NA,0.71
NA,Toolik,slimy sculpin,NA,0.76
NA,Toolik,slimy sculpin,NA,1.05
NA,Toolik,slimy sculpin,NA,0.91
NA,Toolik,slimy sculpin,NA,1.04
141,E 01,slimy sculpin,NA,5.18
141,E 01,slimy sculpin,NA,5.67
141,E 01,slimy sculpin,NA,7.43
141,E 01,slimy sculpin,NA,5.68
141,E 01,slimy sculpin,NA,3.69
141,E 01,slimy sculpin,NA,3.25
141,E 01,slimy sculpin,NA,2.71
141,E 01,slimy sculpin,NA,3.32
141,E 01,slimy sculpin,NA,1.37
141,E 01,slimy sculpin,NA,2.94
141,E 01,slimy sculpin,NA,2.24
141,E 01,slimy sculpin,NA,2.68
141,E 01,slimy sculpin,NA,1.81
141,E 01,slimy sculpin,NA,1.32
141,E 01,slimy sculpin,NA,1.78
141,E 01,slimy sculpin,NA,2.72
141,E 01,slimy sculpin,NA,1.97
141,E 01,slimy sculpin,NA,1.25
141,E 01,slimy sculpin,NA,1.86
141,E 01,slimy sculpin,NA,1.89
141,E 01,slimy sculpin,NA,1.29
141,E 01,slimy sculpin,NA,1.55
141,E 01,slimy sculpin,NA,1.14
141,E 01,slimy sculpin,NA,1.4
141,E 01,slimy sculpin,NA,0.82
141,E 01,slimy sculpin,NA,1.33
141,E 01,slimy sculpin,NA,1.43
141,E 01,slimy sculpin,NA,1.02
141,E 01,slimy sculpin,NA,1.08
141,E 01,slimy sculpin,NA,1.21
NA,Toolik,slimy sculpin,NA,2.29
NA,Toolik,slimy sculpin,NA,0.24
NA,Toolik,slimy sculpin,NA,2.61
NA,Toolik,slimy sculpin,NA,1.24
NA,Toolik,slimy sculpin,NA,1.69
NA,Toolik,slimy sculpin,NA,1.79
NA,Toolik,slimy sculpin,NA,1.56
NA,Toolik,slimy sculpin,NA,1.85
NA,Toolik,slimy sculpin,NA,0.8
NA,Toolik,slimy sculpin,NA,0.95
NA,Toolik,slimy sculpin,NA,0.52
NA,Toolik,slimy sculpin,NA,0.77
NA,Toolik,slimy sculpin,NA,0.55
NA,Toolik,slimy sculpin,NA,0.38
NA,Toolik,slimy sculpin,NA,0.32
NA,Toolik,slimy sculpin,NA,0.14
NA,Toolik,slimy sculpin,NA,0.27
141,E 01,slimy sculpin,NA,1.86
141,E 01,slimy sculpin,NA,5.08
141,E 01,slimy sculpin,NA,2.92
141,E 01,slimy sculpin,NA,4.66
141,E 01,slimy sculpin,NA,5.07
141,E 01,slimy sculpin,NA,3.98
141,E 01,slimy sculpin,NA,4.01
141,E 01,slimy sculpin,NA,3.82
141,E 01,slimy sculpin,NA,3.85
141,E 01,slimy sculpin,NA,1.77
141,E 01,slimy sculpin,NA,2.55
141,E 01,slimy sculpin,NA,0.96
141,E 01,slimy sculpin,NA,1.77
141,E 01,slimy sculpin,NA,2.04
141,E 01,slimy sculpin,NA,1.34
141,E 01,slimy sculpin,NA,1.77
141,E 01,slimy sculpin,NA,1.98
141,E 01,slimy sculpin,NA,1.22
141,E 01,slimy sculpin,NA,0.83
141,E 01,slimy sculpin,NA,1.48
141,E 01,slimy sculpin,NA,1.29
141,E 01,slimy sculpin,NA,2.08
141,E 01,slimy sculpin,NA,2.59
141,E 01,slimy sculpin,NA,1.65
141,E 01,slimy sculpin,NA,2.47
141,E 01,slimy sculpin,NA,1.27
141,E 01,slimy sculpin,NA,1.23
141,E 01,slimy sculpin,NA,1.42
141,E 01,slimy sculpin,NA,1.39
141,E 01,slimy sculpin,NA,1.47
141,E 01,slimy sculpin,NA,1.24
141,E 01,slimy sculpin,NA,0.96
141,E 01,slimy sculpin,NA,1.04
141,E 01,slimy sculpin,NA,1.28
141,E 01,slimy sculpin,NA,1.57
141,E 01,slimy sculpin,NA,0.87
141,E 01,slimy sculpin,NA,0.82
141,E 01,slimy sculpin,NA,0.27
141,E 01,slimy sculpin,NA,0.23
NA,Toolik,slimy sculpin,NA,0.23
NA,Toolik,slimy sculpin,NA,3.5
NA,Toolik,slimy sculpin,NA,2.44
NA,Toolik,slimy sculpin,NA,1.67
NA,Toolik,slimy sculpin,NA,1.07
NA,Toolik,slimy sculpin,NA,1.23
NA,Toolik,slimy sculpin,NA,0.93
NA,Toolik,slimy sculpin,NA,0.8
NA,Toolik,slimy sculpin,NA,0.87
NA,Toolik,slimy sculpin,NA,0.47
NA,Toolik,slimy sculpin,NA,0.55
NA,Toolik,slimy sculpin,NA,0.25
NA,Toolik,slimy sculpin,NA,0.19
NA,Toolik,slimy sculpin,NA,1.48
NA,Toolik,slimy sculpin,NA,0.69
NA,Toolik,slimy sculpin,NA,1.11
NA,Toolik,slimy sculpin,NA,0.84
NA,Toolik,slimy sculpin,NA,0.87
NA,Toolik,slimy sculpin,NA,0.84
NA,Toolik,slimy sculpin,NA,0.88
NA,Toolik,slimy sculpin,NA,0.67
NA,Toolik,slimy sculpin,NA,0.59
NA,Toolik,slimy sculpin,NA,0.59
NA,Toolik,slimy sculpin,NA,0.2
NA,Toolik,slimy sculpin,NA,0.18
NA,Toolik,slimy sculpin,NA,0.13
141,E 01,slimy sculpin,NA,0.34
141,E 01,slimy sculpin,NA,0.73
141,E 01,slimy sculpin,NA,1.8
141,E 01,slimy sculpin,NA,1.32
141,E 01,slimy sculpin,NA,3.08
141,E 01,slimy sculpin,NA,1.03
141,E 01,slimy sculpin,NA,1
141,E 01,slimy sculpin,NA,1.75
141,E 01,slimy sculpin,NA,0.4
141,E 01,slimy sculpin,NA,2.72
141,E 01,slimy sculpin,NA,1.5
141,E 01,slimy sculpin,NA,1.2
141,E 01,slimy sculpin,NA,3.18
141,E 01,slimy sculpin,NA,1.89
141,E 01,slimy sculpin,NA,1.9
141,E 01,slimy sculpin,NA,1.22
141,E 01,slimy sculpin,NA,1.43
141,E 01,slimy sculpin,NA,2.29
141,E 01,slimy sculpin,NA,2.93
141,E 01,slimy sculpin,NA,2.07
141,E 01,slimy sculpin,NA,0.9
141,E 01,slimy sculpin,NA,1.29
141,E 01,slimy sculpin,NA,1.07
141,E 01,slimy sculpin,NA,1.48
141,E 01,slimy sculpin,NA,1.36
141,E 01,slimy sculpin,NA,2.12
141,E 01,slimy sculpin,NA,1.22
141,E 01,slimy sculpin,NA,1.77
141,E 01,slimy sculpin,NA,1.54
141,E 01,slimy sculpin,NA,0.37
141,E 01,slimy sculpin,NA,1.42
141,E 01,slimy sculpin,NA,0.85
141,E 01,slimy sculpin,NA,0.2
141,E 01,slimy sculpin,NA,3.28
141,E 01,slimy sculpin,NA,1.78
141,E 01,slimy sculpin,NA,1.52
141,E 01,slimy sculpin,NA,0.88
141,E 01,slimy sculpin,NA,0.25
141,E 01,slimy sculpin,NA,3.02
141,E 01,slimy sculpin,NA,1
141,E 01,slimy sculpin,NA,0.29
141,E 01,slimy sculpin,NA,1.57
141,E 01,slimy sculpin,NA,5.24
141,E 01,slimy sculpin,NA,1.94
141,E 01,slimy sculpin,NA,0.94
141,E 01,slimy sculpin,NA,1.16
141,E 01,slimy sculpin,NA,0.91
141,E 01,slimy sculpin,NA,0.9
141,E 01,slimy sculpin,NA,1.11
141,E 01,slimy sculpin,NA,1.51
141,E 01,slimy sculpin,NA,1.54
141,E 01,slimy sculpin,NA,1.57
141,E 01,slimy sculpin,NA,1.18
141,E 01,slimy sculpin,NA,2.19
141,E 01,slimy sculpin,NA,4.95
141,E 01,slimy sculpin,NA,1.47
141,E 01,slimy sculpin,NA,1.6
141,E 01,slimy sculpin,NA,2.57
141,E 01,slimy sculpin,NA,1.18
141,E 01,slimy sculpin,NA,1.21
141,E 01,slimy sculpin,NA,0.35
141,E 01,slimy sculpin,NA,1.07
141,E 01,slimy sculpin,NA,1.67
141,E 01,slimy sculpin,NA,1.21
141,E 01,slimy sculpin,NA,1.18
141,E 01,slimy sculpin,NA,0.94
141,E 01,slimy sculpin,NA,0.44
141,E 01,slimy sculpin,NA,1.45
141,E 01,slimy sculpin,NA,1.4
141,E 01,slimy sculpin,NA,2.11
141,E 01,slimy sculpin,NA,2.78
141,E 01,slimy sculpin,NA,2.33
141,E 01,slimy sculpin,NA,0.31
141,E 01,slimy sculpin,NA,1.37
141,E 01,slimy sculpin,NA,1.64
141,E 01,slimy sculpin,NA,1.48
141,E 01,slimy sculpin,NA,1.48
141,E 01,slimy sculpin,NA,1.13
141,E 01,slimy sculpin,NA,3.2
141,E 01,slimy sculpin,NA,1.78
141,E 01,slimy sculpin,NA,1.31
NA,Toolik,slimy sculpin,NA,1.32
NA,Toolik,slimy sculpin,NA,0.26
NA,Toolik,slimy sculpin,NA,0.87
NA,Toolik,slimy sculpin,NA,3.15
NA,Toolik,slimy sculpin,NA,0.64
NA,Toolik,slimy sculpin,NA,1.6
NA,Toolik,slimy sculpin,NA,1.51
NA,Toolik,slimy sculpin,NA,1.56
NA,Toolik,slimy sculpin,NA,1.72
NA,Toolik,slimy sculpin,NA,0.57
NA,Toolik,slimy sculpin,NA,1.52
NA,Toolik,slimy sculpin,NA,1.25
NA,Toolik,slimy sculpin,NA,0.756
NA,Toolik,slimy sculpin,NA,1.723
NA,Toolik,slimy sculpin,NA,1.04
NA,Toolik,slimy sculpin,NA,1.25
145,E 05,slimy sculpin,NA,2.8
145,E 05,slimy sculpin,NA,1
145,E 05,slimy sculpin,NA,2.7
145,E 05,slimy sculpin,NA,0.9
145,E 05,slimy sculpin,NA,1.4
145,E 05,slimy sculpin,NA,1.2
145,E 05,slimy sculpin,NA,1
145,E 05,slimy sculpin,NA,0.8
145,E 05,slimy sculpin,NA,1.2
145,E 05,slimy sculpin,NA,1.3
145,E 05,slimy sculpin,NA,1.1
145,E 05,slimy sculpin,NA,1.9
145,E 05,slimy sculpin,NA,0.5
145,E 05,slimy sculpin,NA,1.1
145,E 05,slimy sculpin,NA,0.1
145,E 05,slimy sculpin,NA,0.2
145,E 05,slimy sculpin,NA,0.2
145,E 05,slimy sculpin,NA,0.2
145,E 05,slimy sculpin,NA,0.3